,year,pop,lifeExp,gdpPercap
count,1704.0,1704.0,1704.0,1704.0
mean,1979.5,29601212.32511736,59.474439366197174,7215.327081211972
std,17.265329508973615,106157896.7468279,12.917107415241192,9857.45454254157
min,1952.0,60011.0,23.599,241.16587650000002
25%,1965.75,2793664.0,48.198,1202.06030925
50%,1979.5,7023595.5,60.7125,3531.8469885000004
75%,1993.25,19585221.75,70.8455,9325.462346
max,2007.0,1318683096.0,82.603,113523.1329
