,pop,lifeExp,gdpPercap
count,24.0,24.0,24.0
mean,3233986.5416666665,68.79533333333335,5169.869983541667
std,1234211.3425939512,3.6574091051342394,2362.736231459963
min,1555876.0,62.648999999999994,1952.3087010000002
25%,2555089.25,66.2825,3649.84901
50%,2969245.5,68.3605,4851.5616119999995
75%,3386703.25,71.04175000000001,6608.310510000001
max,6667147.0,76.384,10611.46299
