,pop,lifeExp,gdpPercap
count,24.0,24.0,24.0
mean,517853547.625,67.61477833333332,11022.496063366665
std,485531269.3330371,9.63754428993451,11267.052510580736
min,69145952.0,44.0,400.448610699994
25%,78291642.75,65.13559000000001,907.12540285
50%,319332261.5,70.363,6051.6146235
75%,957661500.0,73.17075,20892.5741075
max,1318683096.0,79.406,32170.37442
