,pop,lifeExp,gdpPercap
count,1704.0,1704.0,1704.0
mean,29601212.324530516,59.47443936619713,7215.327081211966
std,106157896.7439147,12.917107415241182,9857.45454254157
min,60011.0,23.599,241.16587650000002
25%,2793664.0,48.198,1202.06030925
50%,7023595.5,60.7125,3531.8469885000004
75%,19585221.75,70.8455,9325.462346
max,1318683096.0,82.603,113523.1329
